City,Zip,FirstName,Mobile,LastName,Email,Street,Country,ID
South Pearlieborough,92288,Aracely,1-380-023-3172 x8295,Schneider,Francesco@travis.net,4263 Destin Summit,São Tomé and Príncipe,0
Isabellaborough,69664,Hellen,1-272-678-4167 x803,Oberbrunner,Bradford@ofelia.info,0020 Conn Dam,Falkland Islands,1
Port Delbertville,22394,Jeffery,1-231-972-9858,Ruecker,Pasquale@rey.io,9814 Dante Ranch,Tokelau,2
Lake Rowland,99380-1369,Nicola,158.619.3181 x2462,Bruen,Deangelo@zella.net,75732 Kuphal Valleys,Belize,3
New Friedaport,48718-6973,Joseph,1-002-244-4006,Guªann,Sheila@adolphus.me,49631 Finn Drive,Bhutan,4
Davisshire,67891-5755,Juston,1-774-545-0299 x070,Reichert,Price@ernest.org,6824 Hane Island,Niger,5
North Ernest,75793,Ruby,(726)351-1552,Upton,Estefania_Jenkins@edwina.name,42375 Batz Crossroad,Kuwait,6
Jewesstown,31400-5972,Carroll,(651)452-1476 x383,Marvin,Hayden_McLaughlin@heber.tv,581 Chase Station,Aruba,7
South Bernardo,30870-3489,Theo,937.875.6408 x017,Borer,Magnus.Kuhic@justen.ca,07989 Feil Passage,Nauru,8
Otisstad,10704-7675,Lolita,1-260-956-5708 x909,O'Reilly,Margarita@jett.co.uk,3345 Konopelski Field,South Korea,9
Port Kayla,30615,Edwardo,814-944-5172 x621,Nolan,Otha@henderson.info,7324 Denesik Spring,Greece,10
Davonview,53555-9160,Hans,(444)654-7357 x9111,Grant,Caterina.Denesik@jean.org,1492 Kutch Manor,Malawi,11
New Irvingstad,47478-0232,Saul,1-691-374-7473,Wolf,Henri@laurianne.tv,13999 Schimmel Mountains,Timor-Leste,12
New Libbystad,35786-4788,Emerald,518.900.5869 x064,Cassin,Alexis@cristopher.com,949 Claudie Shore,Cayman Islands,13
Hazelmouth,39078-3785,Wyman,375.650.8695,Rath,Gerson.Hammes@columbus.me,315 Isac Fort,Saint Helena,14
Harveybury,16760-9927,Melyna,620-337-8284,Murray,Donny@krystal.io,32337 Jakubowski Dam,Nicaragua,15
Leschshire,17443,Rudy,1-691-957-6301,Turner,Makenzie_Bartoletti@ida.co.uk,04526 Bergstrom Walk,Brazil,16
Bogisichshire,30367,Juston,981-065-8029 x111,Johnson,Kelly_Kunde@berniece.me,2693 Jean Roads,Neutral Zone,17
South Caitlynburgh,83150,Alfonzo,210.737.2565 x11275,Bartoletti,Leon@minnie.com,007 Pacocha Ford,Johnston Island,18
New Dasia,53537-1548,Zola,1-839-568-1084 x053,Hyatt,Clarabelle@henderson.us,7566 Rachelle Flats,Cambodia,19
Nellieburgh,44429,Antonia,(599)161-0811,Harªann,Dan_Boehm@timmy.net,58414 Cooper Tunnel,Estonia,20
Parkerport,74514-8022,Jarrell,1-968-267-3030,Stanton,Jan@bruce.biz,307 Caesar Plains,India,21
Bartolettiland,82510-5238,Clair,255.593.6194 x583,Kihn,Presley_Spinka@foster.info,657 Grady Ridge,Pakistan,22
West Aglae,25535-2152,Omari,328-468-9269,Little,Chris@emmett.com,193 Howe Islands,Norfolk Island,23
Kurtisstad,58974,Marisa,663.395.2472 x71179,Herzog,Darrick_Tremblay@elva.biz,634 Theodore Tunnel,Kenya,24
Skilesfurt,95563,Vladimir,(174)563-5087,Rempel,Tremaine_McDermott@gene.co.uk,454 Mathew Villages,Paraguay,25
New Jerry,91077-9610,Imani,908-469-4115 x21845,Kerluke,Elisabeth@scottie.com,277 Eleazar Spurs,Brunei,26
Johnniemouth,73977,Pearl,682.875.4552 x07481,Schimmel,Valerie@ryder.net,4633 Theodora Rapids,American Samoa,27
Lake Axel,57970,Euna,242-952-2933,Runolfsdottir,Dedric@celestine.biz,974 Willms Crossing,Samoa,28
Dickinsontown,80446-7664,Dane,1-902-324-1667 x0112,Nolan,Ollie_Mante@jairo.com,408 Johns Alley,Poland,29
Port Adalberto,99034,Jerome,1-663-068-1872,Keeling,Trey.Greenholt@mertie.tv,1061 Rogahn Point,Saint Kitts and Nevis,30
Port Olinborough,16672,Roman,400.739.5760,Tillman,Ignatius.Robel@silas.me,968 Madalyn Manor,Azerbaijan,31
Rohanburgh,51302,Donato,(657)998-8358 x9960,Morissette,Royal@josefina.org,294 Mills Crescent,Haiti,32
Rueckerberg,83485,Barrett,(892)910-0493,Emmerich,Lorna@lorna.info,4581 Grimes Estates,Saint Martin,33
Port Werner,15460,Gudrun,(557)734-4724 x05663,Bergstrom,Dagmar.Thiel@gerson.biz,9533 Malachi Gateway,Colombia,34
Mayerton,38082,Ida,623.111.9694,D'Amore,Gracie_Weber@damaris.biz,8265 Glover Bridge,Pakistan,35
North Ruth,10437-8440,Zachariah,(908)651-9090 x830,Kuhn,Gunnar.Ebert@julian.com,9492 Madeline Wall,Bouvet Island,36
Kiehnbury,69090,Remington,1-694-322-7493 x9969,Osinski,Stevie_Lueilwitz@talon.biz,188 Abraham Square,Seychelles,37
Ronnyhaven,89524-1800,Marianna,647.375.6511,Hoeger,Bethany.Roberts@cassandre.org,2121 Reta Corners,Japan,38
Oscarview,50597,Federico,652-102-1039 x8878,Eichmann,Darwin@kimberly.ca,380 Leola Passage,Guadeloupe,39
North Tierra,21434-7164,Salma,438.193.7885 x1495,Littel,Lucie@cedrick.name,701 Skyla Keys,Mozambique,40
North Karleestad,54212,Henderson,586-023-0959,Hammes,Marianne_Maggio@cyrus.name,44285 Titus Knolls,Tonga,41
Jewessbury,62460,Felicity,663.944.5219 x0176,Wisoky,Hertha_Walsh@alexys.me,79489 VonRueden Plaza,Brazil,42
East Archfort,37946,Kailey,(404)816-8859,McDermott,Muhammad.McLaughlin@constance.io,8838 Mertz Ferry,Estonia,43
Florenciofurt,07401,Titus,(766)744-9024 x03396,Ryan,Darren_Koch@anna.name,42572 Jaunita Vista,Morocco,44
Lake Emmaleeland,92877-9552,Anais,319.922.9593 x5100,Homenick,Oren.Satterfield@burley.com,169 Witting Key,Iraq,45
North Madiebury,73900-4366,Ryley,1-083-717-7717 x567,Greenfelder,Brody@kelton.biz,9078 Aufderhar Fork,Eritrea,46
Veronamouth,73364,Axel,137.504.6830 x449,Baumbach,Reynold_Effertz@arvilla.biz,4812 Kenna Burgs,Oman,47
Port Bryceberg,29571-7796,Lyla,368.988.6455 x46538,Shanahan,Ansley.Hayes@joany.com,802 McClure Coves,Martinique,48
South Theronton,24740,Anjali,(702)402-9532 x76778,Mraz,Helene@domenica.co.uk,310 Nolan Views,Panama,49
Lake Brendonfort,30435,Aurelia,479.038.2762 x131,Mraz,Reese_Ratke@manley.ca,952 Vito Heights,Bahrain,50
Caseyland,59883,Franz,546-056-0075 x42127,Hahn,Dedrick@gudrun.info,983 Clare Dam,China,51
Lilyanmouth,58090,Alfred,406.138.4601,Luettgen,Savannah.Dibbert@cristian.com,80107 Weimann Hill,Bouvet Island,52
Araburgh,86800,Bernita,250.625.6133 x23825,Lubowitz,Aurelie.Rogahn@okey.tv,32255 Nolan Roads,Ireland,53
Schinnerfort,35804,Brianne,(509)690-7017 x927,Fahey,Ayla@buck.co.uk,813 Macy Hill,French Polynesia,54
Quinnmouth,96377-4835,Anna,825.681.9297,Raynor,Addie@ignacio.tv,53464 Towne Hills,Libya,55
East Sheila,19812,Kendall,1-238-809-6985 x1798,Krajcik,Reece.Strosin@dan.com,17048 Annabelle Ferry,Micronesia,56
South Easterton,44460,Vincent,525.531.1026,Berge,Sierra@albert.com,915 Wehner Streets,Grenada,57
Casperport,60167-1292,Mya,723-136-7877 x02276,Abbott,Hester_Hessel@emelia.name,6212 Ivy Mountains,Palestinian Territories,58
Melisastad,73865,Keanu,1-023-203-4952,Bartell,Mathias@brandy.co.uk,485 Adriel Glen,Paraguay,59
West Cedrick,41092,Oral,1-129-550-2457 x02978,Brown,Mallie@clair.ca,5209 Carley Island,Kenya,60
Dahliaview,93359,Summer,1-926-825-4854,Koss,Kaylee_Bernier@gabriella.biz,5422 Ferry Haven,Tokelau,61
South Rosendo,30400-4787,Candace,(266)316-9368,Howe,Tyrese@antonietta.biz,3563 Norene Green,Svalbard and Jan Mayen,62
Simonishaven,27494-9703,Raquel,(527)818-8115 x9019,Conroy,Bradly.Nolan@akeem.org,54157 Josephine Freeway,Greece,63
New Delaneyland,86174,Zachary,(289)110-9586 x34725,Hammes,Buster@garrick.tv,8434 Armando Junctions,Midway Islands,64
Lake Jenningstown,15265,Adan,054.998.5515 x301,Stark,Ofelia.Mertz@raoul.biz,728 Kub Corners,Kazakhstan,65
Lake Elyse,77263-3758,Cleveland,1-147-690-8677 x06975,Witting,Lucas@lavinia.co.uk,0654 Reichel Plaza,New Caledonia,66
Schneiderton,10530,Lonie,(608)557-1066,Medhurst,Immanuel.Bartell@minnie.me,02771 Mozell Parkways,Iran,67
North Terryfurt,04087,Buster,990-637-5187 x0527,Swaniawski,Pauline_Emmerich@marcelle.biz,774 Kayley Expressway,Poland,68
East Kristopher,83712-6079,Althea,324.000.4019 x6313,Graham,Miguel_Marquardt@una.net,5576 Lemke Parkway,Kenya,69
East Altamouth,62707,Paolo,1-895-124-5126,Koss,Joannie_Reinger@idell.co.uk,242 Stark Lane,Malta,70
South Alessandraview,98917-2271,Jocelyn,419.806.8604 x929,Torphy,Elissa_Leffler@oswald.biz,6961 Meggie Plains,Trinidad and Tobago,71
Leschmouth,43848,Claudia,482.991.9636 x29366,McLaughlin,Brennon.Doyle@santiago.tv,5567 Nikolas Islands,People's Democratic Republic of Yemen,72
South Jackie,62550-5582,Tito,158-471-3805 x3546,Kulas,Louisa_Stroman@mikel.info,6613 Delores Greens,Bahrain,73
Donavonshire,76312,Deja,(613)277-7057 x47044,Boyer,Nova.Hintz@eryn.biz,422 Tristin Mission,Heard Island and McDonald Islands,74
Jeremiechester,33291-1181,Charlie,137.802.0003,Hilpert,Hadley_Hagenes@trisha.org,0045 Pfannerstill Crossing,Micronesia,75
Croninshire,50795-9656,Taryn,435-447-1208,Schimmel,Juliet.Emard@shaina.biz,538 O'Connell Run,Mayotte,76
South Ilafurt,00863-6821,Avery,685-674-1977,O'Conner,Jordan.Yundt@rosetta.io,1856 Brekke Creek,Côte d’Ivoire,77
Olinfort,68367,Guy,211.832.6140,Koss,Stevie_Russel@cleora.info,1697 Hannah Ramp,Denmark,78
Kingland,59091,Laverna,(827)669-9065,Marquardt,Elroy.Mann@jewell.org,5598 Doyle Station,Taiwan,79
Lake Alessia,41279-6410,Miles,(499)441-7149,Boyle,Edd.Stehr@mittie.co.uk,46012 Maximilian Centers,Ghana,80
Harveychester,89869-1578,Noelia,1-769-611-7803,Conroy,Alberto.Borer@hillard.ca,420 Green Coves,North Vietnam,81
Port Cornell,57827,Tierra,(285)673-5845 x655,Koch,Selmer@kitty.info,3600 Olson Brook,Timor-Leste,82
Lefflerview,61011,Garry,322-877-4275 x6578,Keeling,Timmy_Swift@deontae.com,26904 Ulices Key,Nicaragua,83
South Mikeshire,74664-3505,Noemi,435-208-6861 x410,Kautzer,Tyler@eldred.us,380 Boyle Bridge,Tokelau,84
East Andreane,50121-7650,Gunnar,1-295-717-7917 x337,Emmerich,Edna.Batz@dustin.com,46006 Barton Extensions,Dominica,85
West Halleberg,23491-3612,Kip,084.595.3726 x2133,Aufderhar,Albina.Roberts@timmothy.tv,7161 Adolf Village,Togo,86
Johnnyburgh,23278,Madilyn,078-621-0771 x1669,Swift,Adriana.Prohaska@stefan.net,915 Pacocha Brooks,Puerto Rico,87
Larsonview,23024-5127,Adriana,(609)528-9491,Larkin,Lavada@eloise.biz,4451 Cade Street,United Kingdom,88
North Tina,68324,Matilde,1-421-772-7444 x4204,Haag,Meda_Daugherty@viva.net,218 Davon Track,Tuvalu,89
Lake Emilieland,79522,Virgil,1-461-400-5987,Mitchell,Jerad_Marvin@carmela.com,38629 Stark Crest,Belize,90
North Mosesstad,95255,Leora,191.864.2886 x3217,Cruickshank,Dorothy@madonna.net,7283 Howard Extensions,India,91
West Jedbury,48623-3344,Fatima,1-795-357-7805 x669,Smitham,Elta@lizzie.biz,123 Verner Ports,Bahamas,92
East Franz,55763,Kathlyn,1-135-523-3996,Kirlin,Keira@georgianna.me,9679 Gus Locks,Madagascar,93
Lake Amari,37276,Shaina,(855)092-2864,Mann,Dameon.Olson@reece.com,242 Boehm Lights,Aruba,94
Maudietown,04601-0427,Christop,1-776-205-1430 x968,Durgan,Ashton_Konopelski@emely.biz,497 Goyette Light,Austria,95
Doyleborough,35239-7657,Winifred,(673)753-9953 x89044,Fritsch,Neoma@halle.tv,803 Furman Extensions,Tanzania,96
West Modesto,22316-7714,Deanna,221-454-1492 x938,Jones,Jerome_Klocko@cleo.com,81414 Hassan Gardens,Seychelles,97
Lake Dudleymouth,68918-7240,Toney,1-600-476-9205 x2510,Shanahan,Nikita_Farrell@hubert.ca,89705 Dillan Ford,Lithuania,98
South Shyann,82251,Wilmer,369-155-9050,Luettgen,Lauren_Jacobson@elza.tv,162 Viva Road,Vietnam,99
Wilburnburgh,66727-5822,Selmer,876-202-9259,Berge,Dashawn@dexter.com,39534 Bechtelar Passage,Monaco,100
New Haliestad,58052,Delphine,098-044-0224 x407,McLaughlin,Billy_Fritsch@erick.ca,213 Mann Squares,Martinique,101
New Jailynfurt,72656-2954,Candice,270-402-8997 x7567,Stamm,Maurice@lauryn.me,2786 Lubowitz Point,Palestinian Territories,102
Lake Keeley,81544-6031,Brennan,1-065-040-1061 x2329,Turcotte,Eriberto.Kshlerin@destiney.io,577 Schmeler Hollow,Saint Barthélemy,103
Abshiremouth,27510,Toby,595.143.0833,Gislason,Mohamed_Breitenberg@mathias.biz,866 Mraz Square,Midway Islands,104
New Julio,53427-8219,Gustave,950-941-1455 x890,Yost,Baylee@nicholas.tv,5456 Taya Prairie,Fiji,105
South Milton,18339,Janick,753-300-9306 x04345,Ryan,Melba.Rau@hector.com,1003 Kobe Island,Saint Vincent and the Grenadines,106
Darenchester,35434-7375,Alison,1-247-208-1610,Romaguera,Lavern.Wiegand@peter.me,4300 Damien Field,Kiribati,107
Guªannfort,99003,Mariane,(565)751-7733,Collins,Laron_Harber@abelardo.org,36260 Collier Ways,Oman,108
North Anderson,19038,Barney,280-043-4892 x9005,Veum,Zachariah@casimir.co.uk,1470 Kessler Stream,Czech Republic,109
Noeland,26514-2516,Estrella,(426)643-7856,Hamill,Luz@annabel.ca,751 Judge Locks,Liechtenstein,110
North Vernon,73140,Damon,1-589-104-7675 x81970,Osinski,Jessika_Adams@sydni.com,103 Chadrick Extension,Panama,111
Rowebury,90479,Della,(332)789-7526,Klein,Douglas.Langworth@viva.name,668 Kiarra Course,Saint Helena,112
South Arnulfoport,37694,Mackenzie,(632)513-9764 x058,Funk,Trever_Turcotte@eveline.com,336 Miller Extensions,Montenegro,113
East Jana,98748-9857,Zella,050-515-4100,Jerde,Faye_Fisher@tatum.co.uk,27466 Zella Tunnel,Japan,114
McDermottton,24188,Hazle,120-179-3280 x03315,Moore,Sherman.Kris@murphy.us,377 Frankie Motorway,Togo,115
Kirkhaven,48641-1304,Danial,(834)206-5934 x25021,Pfeffer,Taya@haley.name,0585 Jenifer Rest,Kyrgyzstan,116
Johnsonfort,83207,Bethany,793.256.0165 x1707,O'Keefe,Terrill@ron.tv,148 Bahringer Drive,Nauru,117
East Melody,65356-7658,Ramon,1-476-295-2144 x8585,Lueilwitz,Ronny.Stamm@juana.net,37715 O'Reilly Port,Singapore,118
Lake Irwinshire,30148-9863,Heber,482.567.9503,Kutch,London@damian.org,1025 Weimann Ferry,Peru,119
Stokesport,52576,Jonathon,(289)716-4859,Grady,Cale@alba.io,5457 Bradford Avenue,Metropolitan France,120
Lake Russellfurt,48763,Margie,458.116.1905 x60070,Jerde,Jamel_Parker@wilhelm.biz,6812 Baumbach Ports,Ireland,121
Port Ameliashire,08264-2206,Lance,135.693.7833,Macejkovic,Johann@bobbie.name,33275 Kuphal Ports,South Korea,122
Esthermouth,54100,Rebeka,845.145.8851,Spencer,Thurman@philip.io,39399 Mraz Glen,China,123
East Rebecatown,63844-9417,Adela,731.289.4333 x75341,Tromp,Ramon.Bartell@will.org,058 Fay Via,Christmas Island,124
West Adolf,03170-7204,Jany,(154)382-8804 x72640,Johnson,Gonzalo.Hauck@katheryn.biz,55005 Marlon Pines,Yemen,125
Westleybury,45474-6699,Wilton,538-047-0795,Kerluke,Shannon@leonardo.ca,074 Stefan Crossroad,Mauritius,126
Lake Loraine,87504,Madie,148-945-9915,Leffler,Antonietta@yadira.info,321 Camden Streets,Madagascar,127
South Lacy,60655,Giovanna,790-840-1272,Murray,Maureen@nicholaus.me,0707 Vicky Light,Timor-Leste,128
Deckowburgh,80367,Brandi,(550)274-8228 x821,Senger,Jean@kiara.biz,1064 Reichert Port,Christmas Island,129
East Leonardo,96358-7185,Lloyd,(896)613-4754 x97566,Harris,Fae@enoch.name,90622 Theodora Heights,Egypt,130
Langoshborough,50810-8977,Felicity,(100)802-9923 x048,Dach,Roger.DAmore@cecil.name,6214 O'Reilly Path,Pakistan,131
Lake Zakarymouth,86194-8006,Keagan,575-937-0404 x4109,Guªann,Lisandro_Greenholt@soledad.biz,775 Beier Brooks,Cuba,132
Boyerfort,80007,Chadrick,326-233-0394,Roob,Jamel@retta.name,15483 Kemmer Row,Chad,133
South Magnolia,26580-7349,Ford,313-932-5204 x30181,Kessler,Oswald_Von@joaquin.net,48858 Christiansen Passage,Saint Kitts and Nevis,134
Grahamstad,25942-5322,Elva,224.370.6655 x85138,Huel,Yasmeen.Dicki@maida.net,3768 Hertha Trail,Anguilla,135
New Jared,80619,Bradley,1-618-016-5489 x33810,Wiza,Edyth_Hilll@camren.co.uk,936 Mitchell Valley,Argentina,136
North Idell,40299,Ernestine,826.443.1086 x171,Murphy,Hollis@adeline.tv,2293 Heathcote Summit,Cameroon,137
South Jaqueline,48859-9126,Salvador,189-368-0867,Mertz,Kale.Reichel@janick.com,78332 Bud Burgs,Mauritius,138
East Raphaelle,50821-3990,Lacy,964.078.1068 x730,Abernathy,Rosalinda_Muller@leone.com,337 Gay Mountains,Kazakhstan,139
Carolefurt,06107-7982,Jewel,(839)031-1377,Labadie,Paolo_Friesen@andres.io,1609 Spinka Viaduct,Australia,140
North Haleighside,21963,Fatima,1-865-943-6305 x0182,Jaskolski,Rosamond@elisha.io,949 Schmidt Alley,Mauritania,141
Germanburgh,96919,Stewart,1-102-476-6696,Ledner,Marley@virginie.org,460 Macejkovic Loop,Palestinian Territories,142
New Kenny,09122-9689,Carlee,050.007.1633,Johnson,Candida@brianne.org,25301 Ignacio Crest,Mayotte,143
Yesseniaville,76407-6309,Lucie,1-522-223-9104,Wisozk,Herminio.Shanahan@karson.info,439 Funk Lake,Greece,144
North Eliseoberg,95360,Garett,419-086-5574,Christiansen,Albertha@lucile.me,8653 O'Kon Ford,Trinidad and Tobago,145
Considinestad,67572,Nyah,(508)839-3258 x765,Stracke,Ray@rosie.io,7442 Katlynn Ports,Myanmar [Burma],146
East Jack,23567,Royce,373-401-2341,Cormier,Buddy_Runolfsdottir@donnell.biz,67440 Eleanora Spurs,Norfolk Island,147
West Vida,17134-8441,Emilie,(040)135-7509 x02301,Larkin,Name_Fritsch@jade.net,374 Jamey Street,Turkey,148
Klingside,17529-5282,Cletus,306-815-4001 x644,Mertz,Murl.Schimmel@neva.io,80774 Chyna Glens,Afghanistan,149
Leramouth,03807,Maiya,1-026-038-9581,Schneider,Maddison@wilhelmine.org,0969 Harber Locks,Syria,150
Isidroburgh,93480,Kamren,(019)011-7263,Smith,Cathryn_Beier@kristofer.name,85925 Fay Motorway,Australia,151
Lake Meaghan,14707,Fredrick,1-246-221-8373 x3155,Kunde,Andrew@eleanore.tv,1708 Schneider Parks,Honduras,152
Port Theresia,01755-4743,Aida,365-855-7863,Heidenreich,Lauryn.Sipes@lucinda.com,319 Lori Prairie,Nicaragua,153
East Jennings,78720-9068,Manuela,(237)498-9468,Robel,Angelica@mozelle.tv,927 Nella Garden,Sierra Leone,154
Port Lerastad,15826,Liam,1-887-176-2133,Legros,Prince.Abbott@eryn.name,4262 Blick Hollow,Cape Verde,155
Sadyeborough,28398-9959,Stone,505-941-1383,Rolfson,Esther_Quigley@kirstin.tv,1054 Goodwin Villages,Benin,156
Lake Dianna,24694,Gerda,1-737-729-4090,Turner,Eula_Bartoletti@nicholas.biz,133 Sydney Keys,U.S. Virgin Islands,157
New Salvatorechester,69160,Alyson,1-703-503-7063 x8038,Boyer,Bradley@loyce.org,47393 Weston Brook,Ireland,158
Port Susanaland,38109,Rolando,617-810-0856,Hills,Madisen@jerry.com,4794 Llewellyn Expressway,Sierra Leone,159
West Keithmouth,75107,Maynard,1-164-841-5955 x173,Krajcik,Cameron@tad.biz,8639 Turner Views,Turkey,160
Helgashire,46221,Joana,1-905-936-4061,Brekke,Edgar.Buckridge@jillian.org,49186 Freeda Cove,Nicaragua,161
South Dewayne,07870,Meaghan,1-630-815-1451,Hackett,Bernita.Kling@cassandra.me,45592 Jairo Manor,Wallis and Futuna,162
Lake Martinefort,64120-9334,Lilla,509-622-3527 x878,Kautzer,Jaylin_Nader@patricia.biz,3219 Lowe Ville,Somalia,163
Mikaylaburgh,14984,Don,943.867.2527 x0805,Runolfsdottir,Jennyfer_Blick@kurtis.us,63076 Dicki Mountains,Paraguay,164
South Cathrynview,53468,Ruth,(922)126-8632 x87633,Halvorson,Allan@jaron.tv,54489 Kohler Drives,Cape Verde,165
Ardithton,69565,Elmore,192-215-8695,Hodkiewicz,Fredy@maude.name,79883 Frank Island,Cyprus,166
Katharinaborough,29126-9131,Adan,618.654.9744 x0252,Collier,Benny@triston.io,7791 Hilpert Divide,Iraq,167
East Agustina,92757,Rebekah,1-542-705-4803 x1780,Casper,Julien_Medhurst@bonita.net,377 Constance Views,France,168
Sofiaberg,80683,Isai,622-199-1572,Pfeffer,Austyn@ole.io,382 Greta Shores,Liberia,169
New Nyasia,76496,Eliezer,751-205-3513 x712,Skiles,Clementine.Schumm@leslie.me,08375 Ricky Flat,Madagascar,170
Abshireside,36044-3893,Margret,589-710-6389,Spencer,Deanna_Gibson@morton.org,47588 Roob Lane,Antarctica,171
Hegmannfurt,55275-3972,Wellington,323-570-7305 x88102,Kulas,Lamar.Hansen@maude.info,8336 Lura Court,Lesotho,172
South Edmondchester,52073-8842,Leanna,1-242-372-1929,Williamson,Buford@geoffrey.org,424 Nienow Run,Malawi,173
Port Ottotown,82049-6289,Miller,(070)599-8924,Stracke,Lou@pierre.com,605 Eudora Road,British Virgin Islands,174
Mrazville,31099,Della,(292)568-1519,Schaefer,Orlando.Rolfson@sister.name,531 Daniel Park,Cape Verde,175
Lorenzafurt,30928,Duncan,112.648.4486 x524,Dooley,Maybell@lois.com,69896 Okuneva Plains,Indonesia,176
Germaineview,04880,Dangelo,(622)705-4290 x91314,Braun,Delaney_Nicolas@kimberly.com,419 Gabe Mountain,Antigua and Barbuda,177
Lindton,99543,Stacy,(037)750-9868 x6162,Schowalter,Zion.Hagenes@brisa.me,6467 Telly Well,Antarctica,178
Brayanside,03439,Mandy,1-159-862-4112,Barton,Devon@haley.us,9539 Walker Flats,Namibia,179
South Sydnee,21631-1093,Mittie,(288)034-8357 x760,McGlynn,Freda@zackery.me,75245 Heidenreich Bypass,Tonga,180
Dibbertbury,90392-3675,Aaliyah,941.856.0879,Koss,Bianka@theo.us,8690 Langosh Locks,Sierra Leone,181
South Albinamouth,58960-7461,Jovany,(523)378-1369,Reilly,Albina@darrion.us,1633 Donnie Drive,South Africa,182
West Roryville,52056,Orrin,(734)981-0001 x47378,Swift,Arlo@allie.io,11477 Marisol Extensions,Thailand,183
East Jaceyton,44342,Lula,223.982.9611 x0536,Brown,Rose_Schaden@aylin.tv,6559 Ryder Motorway,Guam,184
Elinoreview,40865,Ephraim,480.681.3738,Heathcote,Conor@kaela.biz,1340 Cummings Motorway,Montserrat,185
Zoraport,75316,Maribel,1-199-453-7059,Cruickshank,Hailey@glenda.io,8253 Gracie Club,Jersey,186
Walshhaven,19985,Lowell,(262)731-5877,Stroman,Arlene@garrick.us,6090 Gorczany Cliff,Saint Martin,187
Emeraldside,11933,Napoleon,236-986-8792 x441,Maggio,Clovis@margarete.io,3484 Elna Run,Israel,188
North Samanthaland,29337-8779,Elliot,713.029.3164 x134,Pagac,Marvin@alfonzo.ca,38026 Citlalli Lights,Angola,189
Grayceberg,91579,Jalon,1-661-239-8149,Wisoky,Jeffrey@anita.biz,20974 Beier Curve,Zimbabwe,190
Port Gail,25155,Laurence,1-944-307-9612 x9989,Ondricka,Shakira.OKon@sheldon.co.uk,0424 Delores Fall,Brunei,191
Lowehaven,24538,Beverly,787.358.2719 x10972,Ward,Loren@maxie.net,15651 Hudson Summit,Estonia,192
North Elinor,12202,Tremayne,834.324.2231,Herzog,Dustin.Mayert@kameron.io,39016 Feil Ramp,Somalia,193
Anitabury,07688-5653,Austen,797.665.9393 x94321,Okuneva,Verda@otto.biz,09349 Upton Plain,Macedonia,194
Mitchellborough,27996,Lane,794-739-2980,Koss,Ethan_Emmerich@kian.com,477 Cassidy Bridge,Papua New Guinea,195
North Vitaland,72644-1341,Adaline,669.576.4686,Crona,Grant_Hessel@wayne.us,5967 Stanton Village,Burundi,196
Terryport,40478-1641,Bennie,1-986-931-1379 x86700,Muller,Hudson.Frami@eulah.io,424 Salma Island,Italy,197
South Marcelotown,05648-9776,Izabella,928.818.2719 x9873,Herzog,London@emely.biz,25141 Jannie Hollow,Johnston Island,198
New Tobinfurt,44946-6653,Irving,936-516-8533,Wolf,Vernie@mercedes.ca,6220 Homenick Parkway,Congo - Brazzaville,199
Jackyfort,70001,Mekhi,1-646-564-9443,Ruecker,Favian@naomie.net,6255 Douglas Shoals,Cayman Islands,200
Lake Eleanore,89090,Derrick,1-377-002-2497 x52303,Jenkins,Myrl@miller.org,2121 Treutel Lakes,Marshall Islands,201
Tonyfurt,19341-8383,Carmelo,426.462.1155,Morissette,Astrid@carmine.ca,192 Felicita Port,Panama Canal Zone,202
West Raven,14188,Lavina,(436)958-9916 x143,Barrows,Ronaldo@kristy.io,0501 Taylor Plains,Martinique,203
Lake Murl,53060,Woodrow,(835)276-3299 x810,Durgan,Emmie@prince.ca,12063 Kale Forest,Lebanon,204
North Renee,40128,Heidi,(401)271-2382 x3890,Metz,Arturo@martin.org,0352 Weissnat Avenue,Iraq,205
Grimesland,03823,Gene,(327)284-4700,Conroy,Arielle@adelle.tv,215 Borer Lodge,Australia,206
South Priscilla,78268,Zion,511.860.7818,Goodwin,Bobby_Emmerich@bell.co.uk,7434 Ledner Rapids,Montenegro,207
South Darrinshire,26476,Keanu,(489)060-7118,Franecki,Kirstin@nellie.com,49048 Oberbrunner ,Togo,208
East Juana,58897,Billy,1-594-059-6052 x3601,Doyle,Adele@darius.io,432 Hudson Forges,New Caledonia,209
East Angelita,55478,Tre,194-593-5668,Pfeffer,Antonietta.Fisher@rebekah.us,631 Jalen View,Croatia,210
Lake Valentinaport,40820,Florine,614.108.9135 x4020,Goldner,Hassan@laverna.me,537 Dickinson Circle,Bolivia,211
Walkerborough,61885-6728,Isabelle,135-519-4019 x986,Schuppe,Conor_Mertz@reyes.ca,60757 Dooley Hill,Chile,212
Elvisfurt,71565-7695,Rosetta,(080)003-6712 x7150,Mayer,Tania@geovanny.biz,2663 Price Divide,Côte d’Ivoire,213
South Ward,66830,Cleve,(315)613-7476 x27720,Will,Jaquelin_Little@natasha.ca,160 Rhiannon Glens,Guadeloupe,214
North Mylene,20817-2479,Isidro,839.220.3607 x17255,Lockman,Gianni@maiya.info,196 Rigoberto Fork,Guernsey,215
New Gunner,39650,Taurean,(762)134-4528,Tromp,Liana@alycia.org,954 Zander Motorway,Fiji,216
Lake Berniecebury,39245,Peyton,1-099-759-9840,Mueller,Brooklyn_Weber@yesenia.biz,70686 Volkman Garden,Philippines,217
South Randalburgh,96149-1374,Oren,(491)833-7580,Hagenes,Toy.Friesen@mandy.ca,4214 Medhurst Route,Switzerland,218
West Brielle,31131,Rogelio,218.440.6707,Osinski,Kiera_Rosenbaum@vita.info,65187 Dolores Rapids,Bahamas,219
West Furman,23751-1197,Mariane,(076)936-1900 x12079,Lemke,Devonte@kattie.net,279 Jarrett Rest,Grenada,220
Port Edgardoside,25303-0806,Terry,1-643-849-6063 x952,Osinski,Daisha@brody.co.uk,2808 Frances Station,Egypt,221
Port Lonnytown,14112,Erick,(402)853-8581,Brown,Armando.Hyatt@jeanne.biz,3928 Emerson Springs,Brazil,222
New Savionfurt,50835,Katelin,1-997-786-9697,Fritsch,Georgiana@hallie.biz,2209 Nico Turnpike,Puerto Rico,223
Alexieville,30539-4210,Gussie,775.670.0670 x054,Anderson,Jonatan@hazel.org,85191 Okuneva Ville,Tanzania,224
Brandonstad,22771-4750,Odie,217.600.0960,Parisian,Terrill.Runolfsson@ewell.com,2148 Becker Radial,Kazakhstan,225
Garlandborough,83952,Johnathon,560.259.3878,Howell,Sadye@edmond.org,3894 Mary Groves,Tajikistan,226
Wiegandfurt,26809,Howard,964-854-2642 x0504,Feil,Elza@brenna.name,6881 Haag Inlet,Guinea,227
Ottofort,05018-5009,Nicklaus,1-929-153-2419 x5969,Schaefer,Madie_Kilback@crystel.io,92020 Rhianna Ridge,Samoa,228
Marilynehaven,89637,Lorine,1-559-690-4793 x467,Padberg,Crawford@ethel.ca,302 Reanna Oval,East Germany,229
West Crystel,92390-7199,Lilliana,911-279-8903 x76223,Nader,Effie@kyleigh.ca,920 Tevin Ferry,Guernsey,230
Port Karli,15443,Jesus,(577)248-4501,Rutherford,Kelsie.Herman@aileen.name,60047 Micheal Field,Cape Verde,231
Lake Maynard,32104-4849,Narciso,1-936-257-0173 x7492,Wolf,Earl@winifred.biz,0354 Piper Center,Gambia,232
New Octavia,25485-7998,Carolyn,659.180.7096 x434,Ondricka,Timmy_Macejkovic@linnea.co.uk,99243 Wintheiser Vista,Chile,233
East Isadore,47606-4857,Celestino,188-313-9723 x6631,Jacobs,Alexis@raina.com,2712 Bechtelar Trail,Côte d’Ivoire,234
Schoenchester,29033-6536,Lisa,421-485-3564,Rolfson,Desmond@jean.io,647 Carey Brook,Singapore,235
West Rubie,28201-7121,Jeramy,459.126.0581 x80000,Nitzsche,Nelle@grayce.us,6808 Tremblay Lakes,Paraguay,236
Renehaven,49453,Connor,1-183-230-8015 x18944,Pfeffer,Camylle_Becker@lucas.us,948 Duncan Rest,Mauritania,237
Mckennaside,12823,Reuben,1-871-760-5459,Jenkins,Maddison.Corkery@michael.name,11159 Junior Circle,Jamaica,238
Hamillview,92048-8182,Eve,285-127-7794,Walsh,Emmett_Aufderhar@lizeth.ca,039 Schumm Manor,Poland,239
Lake Alexa,52401-2055,Lillian,021.920.1856 x8679,Konopelski,Humberto_Nienow@juwan.biz,1664 Schuyler Lights,Northern Mariana Islands,240
O'Keefeview,83181,Dean,1-746-152-0138,Aufderhar,Colleen_Dickinson@zola.biz,63930 Feeney Burg,Antigua and Barbuda,241
Brekkemouth,87340-3770,Katherine,866.217.2504 x86149,Nolan,Letitia@jayde.org,674 Ernser Locks,Japan,242
New Baylee,19257-0915,Allie,682-523-9963 x073,Hermann,Winona.Effertz@george.biz,9082 Huels Cliff,Czech Republic,243
East Kianburgh,16856,Tressie,227.755.8184,Johnston,Titus@hunter.ca,6878 Ellen Rue,Iran,244
South Verdie,98890,Melvin,892-325-8363 x8844,Sawayn,Hilton.Anderson@camilla.ca,39357 Turcotte Brook,Turkey,245
New Benedict,42911,Derek,670.337.8928 x95443,Koss,Luciano_McClure@ellsworth.us,90099 Aurelia Viaduct,East Germany,246
Jettside,94357-9046,Shemar,1-207-649-4633,Schuppe,Emmy_Mueller@craig.name,3317 Orn Lane,Hong Kong SAR China,247
Trentchester,74781-8071,Beatrice,(461)905-8299,Lockman,Lyla.Schaden@terry.tv,2773 Ransom Mall,Falkland Islands,248
Audiemouth,87289-1734,Carley,1-951-276-1542 x80954,Reichert,Freeda.Raynor@afton.info,32554 Nickolas Meadows,Timor-Leste,249
Madelynnburgh,44800-4607,Adela,(449)455-3172 x01424,Armstrong,Eduardo_Barrows@kailyn.biz,9707 Kenya Circles,Italy,250
Alexandreaview,59259,Noemy,631-080-0583,Dare,Layla@teresa.me,8032 Major Harbors,Gambia,251
Edythfort,90727-2085,Cassandra,(152)591-6500,Barton,Julien.Mayer@dawn.co.uk,361 Dewitt Court,Syria,252
East Leannamouth,90679-6825,Jaquelin,122.552.1608 x750,Hammes,Cassandra@enrico.us,46901 Kautzer Estate,Tunisia,253
South Rosetta,04202-5700,Celia,(742)288-3239 x402,Murazik,Tia.Dach@dallas.io,9225 Paige Way,Neutral Zone,254
East Theresechester,11739-5258,Telly,(848)760-1503,Schmitt,Sigurd@broderick.biz,45422 Stanford Mountain,British Virgin Islands,255
North Eula,06097-7080,Mckayla,417-144-0673 x30283,Kutch,Roosevelt@cynthia.co.uk,746 Cortez Meadow,Oman,256
Lynchview,28066,Amanda,509.291.1335,Hudson,Hillary.Schmeler@fay.com,2805 Labadie Hills,Morocco,257
Naderport,56083-2927,Morton,(173)922-2788 x87942,Beatty,Jayde@sammie.net,11607 Grayson Ways,Dronning Maud Land,258
South Ed,97698,Chris,(651)491-7297 x884,Kertzmann,Elena@pauline.me,16323 Savannah Isle,Botswana,259
Marilouhaven,19402,Jameson,167-677-6288,Kunde,Karianne@audra.biz,48964 Chance Bypass,Bermuda,260
South Sierrahaven,43103-1546,Ena,751.195.0687 x1092,Beier,Maria@kellie.me,359 Mitchell Mountains,Guernsey,261
Lindgrenhaven,39042-5511,Nichole,(228)839-3621,O'Hara,Edgar_Kuhic@emilie.biz,52828 Jalon Spring,Vatican City,262
East Carlotta,43956,Oren,129-986-9751 x10013,Schroeder,Breana_Kemmer@dylan.com,64448 Collin Lock,Namibia,263
Doloresmouth,24158-0257,Emile,(840)696-8171,Towne,Brycen_Fritsch@leanna.biz,150 Sim Highway,U.S. Minor Outlying Islands,264
Garrisonville,03635-6953,Perry,(151)345-3805 x9828,Bergnaum,Anissa@alexzander.io,021 Cielo Radial,Slovenia,265
West Garth,87842-6407,Ryleigh,578.608.2517,Eichmann,Friedrich_Okuneva@frederic.biz,416 Hodkiewicz Turnpike,Brazil,266
Parisianfort,23919-1852,Jaylin,110.558.2253,Pfeffer,Rae_Bayer@devante.tv,313 Nathan Street,Qatar,267
South Annefurt,14150,Sibyl,867-723-6779 x37651,Watsica,Janessa@gay.io,4380 Kautzer Shore,Cyprus,268
New Donald,09903-8354,Leta,(168)876-0832 x9636,Runolfsdottir,Lauren.Runolfsdottir@river.ca,520 Orn Knolls,Falkland Islands,269
Volkmanfurt,23548,Eulah,368-236-1786 x7057,Oberbrunner,Francisca.McLaughlin@ruth.me,85045 Thurman Neck,Peru,270
Legroshaven,23755-2616,Janelle,(064)325-6979 x15790,Schmitt,Elmer@chesley.net,08077 Blick Shores,Côte d’Ivoire,271
Lake Charlotte,82402,Jordy,158.938.2512 x532,Guªann,Kiera@jarod.biz,380 Kyla Falls,French Southern and Antarctic Territories,272
Port Juvenalbury,04041-0431,Natalie,1-645-443-7585,Denesik,Joe@garret.io,52257 Zemlak Road,Qatar,273
North Delfina,17220-5635,Vance,027.708.1091,Collier,Naomi.Bednar@nola.name,2835 Schuyler River,Mongolia,274
West Devinchester,53558,Chaim,900-784-3478,Bayer,Monroe@rowland.com,2150 Heller Forest,Malaysia,275
West Matilda,92006-0096,Samanta,278-714-1480 x8672,Johnston,Chris_Harber@cesar.biz,87323 Waelchi Cape,Saint Martin,276
Rydershire,51713,Abigayle,847.573.3997,Reilly,Favian@telly.io,86772 Monty Camp,Colombia,277
Port Shannyland,42737,Nikita,1-550-998-3692 x0504,Abbott,Estelle_Reichel@vincenza.name,00067 Lavinia Loaf,Paraguay,278
West Edwinamouth,56591-9046,Rahsaan,900-796-8838,King,Cristopher@emmitt.ca,2364 Hermann Courts,French Southern and Antarctic Territories,279
Harªannshire,94351-0729,Jaylin,123-812-4300 x763,Reichert,Josephine@nikolas.us,7543 Santiago Squares,Italy,280
East Kenny,02188-2376,Paxton,851-974-0760,Tromp,Lacy_Dach@nils.biz,372 Marks Station,Saint Vincent and the Grenadines,281
East Caterina,77999,Arvel,1-775-175-4060,Carter,Salma.Corwin@blanca.co.uk,39585 Cordelia Islands,Niue,282
Bergeside,28432,Audreanne,889-363-1548,Kilback,Brendan@stefan.ca,4595 Runte Court,Lithuania,283
Ardithmouth,16274-3195,Gaylord,906.719.1575 x6173,Shields,Reva_Schoen@carolyne.info,841 Simonis Heights,Svalbard and Jan Mayen,284
Tanyaside,48882,Josiah,050-386-9732 x12809,Casper,Keaton_Kassulke@ellen.me,96138 Katrina Station,Burkina Faso,285
Lake Jolie,59269-4505,Nichole,1-071-420-1020 x8195,Cronin,Sven@maximillia.org,5183 Stracke Street,Vietnam,286
West Chanelle,15258-5676,Tressie,(242)622-7191,Hansen,Esmeralda_Nolan@jerome.me,82369 Wisoky Viaduct,Spain,287
Windlerport,33926,Ted,(264)340-1454,Welch,Meaghan@leif.biz,65063 Raynor Isle,Anguilla,288
South Ramonton,09233-9145,Antonia,(227)958-7130,Reynolds,Esmeralda@randall.us,6738 Schulist Parkways,Qatar,289
Roselynmouth,81934,Maggie,831-963-2911 x222,Heidenreich,Hassan_Trantow@lyda.name,879 Schulist Stravenue,Netherlands Antilles,290
East Rashad,04043,Molly,1-363-633-1593 x977,Berge,Agnes_Heller@arlene.name,46805 Henry Mall,Syria,291
Port Maverickmouth,18785-6455,Dave,460-506-9732 x52054,Daugherty,Andres_Veum@brennan.name,9885 Jon Ramp,Cook Islands,292
Evertview,19146,Merl,(926)274-7356 x7271,Rau,Alexanne.Krajcik@ashly.com,9690 O'Connell Islands,Monaco,293
Quigleyview,54577-7265,Jaylan,(579)526-9875 x95372,Romaguera,Giovanni@kenna.net,39764 Richard Light,Myanmar [Burma],294
Braunfurt,29842-1228,Nyah,(399)854-2256,Osinski,Leonardo.Auer@nia.ca,6670 Rebeca Squares,Tonga,295
New Jordan,99734-9593,Trent,(702)071-0444,Renner,Rickie@junior.org,99561 Lue Spur,Uruguay,296
East Havenfurt,71853-9257,Linnie,333.441.6608 x164,Bergnaum,Greg.Hirthe@miracle.me,3234 Cruz Trail,Cyprus,297
North Axelmouth,89548-3020,Wade,(566)143-1355,Bahringer,Selena@caesar.biz,27826 Patsy Cove,Japan,298
Agnestown,26032,Jeremie,983-539-1396 x813,Lesch,Durward@annalise.name,80860 Gerald Plains,Vanuatu,299
North Candacefort,79312,Kurt,365-365-9930,Toy,Penelope@brooklyn.org,3548 Fay Spurs,Ecuador,300
Port Lizzie,06276-9020,Brett,1-119-458-1148 x51147,Mraz,Elvera_Lubowitz@viva.ca,392 Courtney Valleys,Palau,301
South Justen,22401,Julien,800.624.0011 x8691,Marvin,Susie_Ryan@nick.name,70262 Morar Centers,Cocos [Keeling] Islands,302
South Marciamouth,16094,Ronaldo,1-486-615-2149,Huels,Lawrence.Harris@angeline.tv,3061 Marshall Path,Cook Islands,303
Lake Vanview,75229-2246,Cordell,174-155-5008,Gleichner,Liam@oscar.tv,955 Nichole Pines,Guernsey,304
Hiramville,77687-8892,Evie,892-384-8179,Maggio,Clara.Sanford@marisa.me,9061 Klocko Tunnel,New Caledonia,305
Eddieland,22013,Kristin,170.234.0115,Kling,Avery.Zboncak@freeda.ca,599 Georgiana Walk,Hong Kong SAR China,306
Lynchside,26534-6945,Vern,163.348.2176,Hand,Verdie.McClure@joan.co.uk,38902 Remington Isle,Serbia,307
Feeneyberg,19375,Treva,1-004-797-9221 x77215,Casper,Hayley.Dooley@savannah.us,88579 Monahan Mill,British Antarctic Territory,308
West Myrtiestad,56512-9587,Mollie,017-469-6931 x1662,Schowalter,Adam@rosie.tv,732 Delpha Bridge,Uzbekistan,309
Felicitaview,81756-9765,Mary,392-276-9229,Frami,Roger@shyann.net,032 Jedediah Shoal,Antigua and Barbuda,310
North Celestinomouth,27489,Christa,1-132-403-6935 x005,Bode,Milan.Bernier@dominic.net,14203 Ward Bridge,Hong Kong SAR China,311
Arnefurt,66416-9478,Sydnee,1-048-701-2147 x02699,Corwin,Ryleigh.Kemmer@frank.biz,50822 Elta Haven,Poland,312
Mariahchester,96969,Ellsworth,013-872-0767,Glover,Orpha@hazel.me,960 Eulah Ferry,Mongolia,313
Millsbury,90001,Enos,175.363.8813,Kuhlman,Tillman@orion.ca,3953 Lueilwitz Wall,Iceland,314
Lake Orlochester,28679,Betty,1-448-239-2519 x873,Stehr,Esperanza@lincoln.info,71562 Ankunding Run,Vatican City,315
Peggieborough,71625-7745,Lilian,151.426.3110 x10180,Lindgren,Linda@maximilian.ca,122 Feil Plains,Egypt,316
Zanderborough,66756-6468,Sedrick,117-431-7468 x880,Hickle,Alessia.Langosh@daniela.name,2426 Simonis Park,Panama,317
New Reinholdfurt,42029,Janelle,(571)487-0501 x209,McKenzie,Mathilde_Crooks@sherman.net,465 Kendall Lane,Djibouti,318
Cartwrightburgh,08776-2100,Cristian,(404)768-0124,Ziemann,Cordia_Kautzer@dawn.ca,3477 Waelchi Neck,Lithuania,319
Port Ryder,73057-1760,Chelsey,1-608-210-9706 x802,Gusikowski,Wilhelmine_Cormier@kole.ca,1034 Kristian Prairie,Monaco,320
Lefflerborough,08920,Rubie,(898)415-1217 x6465,Hansen,Alexandrea.OKon@cynthia.me,07143 Isidro Road,Georgia,321
South Charlieburgh,07474,Noemie,(444)223-0319 x99747,Spinka,Milford@devonte.org,156 Beatty Plaza,Samoa,322
New Rhiannonhaven,53948-5315,Dominique,486.603.9971 x45651,Mertz,Malinda.Reilly@granville.name,4075 Rick Motorway,Barbados,323
Stammbury,05039-4022,Cassandra,(650)646-9581 x54346,Kreiger,Devante@keeley.info,348 Cummerata Loaf,India,324
Jenningsmouth,21825-5153,Abbie,426-296-8662 x3205,Ortiz,Gwen.Collins@regan.io,9236 Gilberto Shoals,Mauritius,325
Lindburgh,30540,Dina,1-214-671-5304 x8821,Hoppe,Brandyn@amanda.net,6143 Sipes Corners,Puerto Rico,326
Lake Glenniemouth,29674-8397,Leonardo,(780)457-9050 x603,Gutkowski,Yasmeen.DuBuque@aaron.io,956 Adelia Harbor,Nicaragua,327
Aufderharville,02920-6129,Elissa,063-668-3070 x806,Schroeder,Dejah@kali.biz,82664 Xander Lights,Cocos [Keeling] Islands,328
West Jillianbury,78529-7645,Rosario,1-494-187-9341 x09581,Shields,Providenci@arnaldo.ca,2031 Thiel Trail,Laos,329
O'Connellfort,41378-2752,Karianne,(195)432-3492 x392,Green,Rosa@odessa.biz,4342 Harris Fort,Peru,330
Marisolfurt,00530,Birdie,(206)301-9985 x51788,Roberts,Branson@candida.org,0673 Stanton Locks,Taiwan,331
Lake Roxane,94410-2972,Justyn,620.079.1125 x95129,Stoltenberg,Dina@franz.me,8796 Kirsten Station,Jersey,332
East Coby,21526,Aubrey,1-054-541-4640,Lueilwitz,Lazaro.Parisian@lora.us,14809 Julia Village,San Marino,333
East Maryam,34508,Winona,(017)559-6182 x3874,Balistreri,Eulah.Dibbert@saige.biz,37077 Augusta Groves,Turkmenistan,334
Port Kyle,63955,Laney,525-263-6310 x43227,Kirlin,Arnold@heber.co.uk,1875 Ernser Turnpike,Greenland,335
East Stanley,81517-8636,Esteban,169-360-6355,Eichmann,Estell@candice.biz,940 Krajcik Divide,Ecuador,336
Chelseyburgh,43740-1516,Evalyn,012.458.6067 x7738,Nader,Sebastian@kayla.tv,672 Ronaldo Inlet,Cyprus,337
Thielmouth,51408,Kylee,(528)681-7542 x8933,Franecki,Demetris_Nader@ezekiel.org,89478 Terrence Curve,Austria,338
East Heberville,23329,Brennan,033.339.6256,Rutherford,Eve@melody.ca,328 Hammes Points,Bouvet Island,339
New Jimmy,25049,Dan,538-753-2863 x86191,Marvin,Norma_Senger@terrill.biz,9775 Braun Lights,Sweden,340
Nellabury,16976,Zachariah,1-092-310-4691 x943,Pacocha,Chadd@hardy.com,305 Dooley Burgs,Cameroon,341
North Andreanne,79335,Neha,526-091-1745,Zulauf,Esmeralda@baylee.biz,61681 Conroy Ridges,Guatemala,342
Krajcikhaven,14991,Taya,1-333-272-3336,Rolfson,Shanelle@jerod.info,988 Jasen Shoal,Bulgaria,343
Layneland,74604-5382,Nickolas,584.914.6508 x8425,McLaughlin,Dayna@buford.info,705 Bruen Crescent,Comoros,344
West Ernie,12422,Roma,482-883-8170 x41665,Kihn,Joany@mallie.co.uk,69868 Greenfelder Lights,Maldives,345
North Rozella,69550-7765,Leopoldo,549.065.7934 x0691,Heller,Reyes@lucio.name,882 Keyshawn Village,Cambodia,346
North Braxton,82714-5733,Shyann,821-936-5997 x98076,Hayes,Delilah@curt.io,426 Oda Canyon,Nepal,347
Russelfurt,33267-4814,Unique,(553)582-8255 x651,Morissette,Sim_Auer@emilio.biz,20198 Volkman Path,Christmas Island,348
Johnstonchester,35723-7276,Lambert,(175)896-3883 x2935,Heathcote,Kelli.Hodkiewicz@justina.biz,7751 Retta Pines,Madagascar,349
Lorinefurt,11962,Shanon,832-924-3729 x0410,Ward,Santa@roberta.us,99552 Ora Cliff,Niger,350
South Lois,02158-4019,Leonardo,1-386-882-3580 x92390,Schuster,Aaron@creola.co.uk,9558 Hintz Plaza,Heard Island and McDonald Islands,351
Bashirianville,70116-6928,Dale,486.726.3103 x88297,Lockman,Ansley@savanah.biz,978 Zulauf Expressway,Czech Republic,352
East Carley,37468-4286,Lambert,1-484-921-9627 x003,Kautzer,Katrina.Corkery@crystel.name,8990 Austyn Crescent,Panama Canal Zone,353
Port Eugeneton,75007,Mac,(949)060-9734 x951,Labadie,Justice@rebeca.ca,9046 Schultz Streets,Turks and Caicos Islands,354
New Helenburgh,78528-9062,Rolando,1-427-471-4298 x3422,O'Conner,Howard@ignacio.net,19890 Toni Station,Colombia,355
West Xandertown,50854,Howell,234.618.3194,Kulas,Raphaelle@zita.me,030 Kelsie Land,Cape Verde,356
New Loraine,73557-5552,Esmeralda,1-739-977-1105 x87062,Donnelly,Lola@katrine.io,916 Jayden Club,Serbia and Montenegro,357
Darrionland,84312-6878,Julio,(640)971-0430 x71313,Farrell,Conor_McClure@randal.us,7399 Moore Orchard,Panama,358
New Loraland,95641-7038,Sigrid,1-349-653-0297 x53381,Rosenbaum,Hadley@michale.info,0089 Kreiger Lock,Qatar,359
Brakusland,61064-6583,Eldon,260.884.7722 x9600,Miller,Mable@jude.ca,54625 Davis Rest,Yemen,360
Thielburgh,42555,Arvel,(105)352-0349 x498,Stracke,Lois@ericka.ca,498 Haleigh Parks,Nigeria,361
Ricardoville,45366,Gus,048.037.0367 x938,Reinger,Kristopher@arlie.biz,524 Katarina Parkway,Saint Helena,362
East Paris,19220-4092,Reece,726.330.1385,Considine,Kameron.Simonis@josephine.io,30659 Trantow Orchard,Senegal,363
North Enrico,50729-5180,Austen,(821)127-9589,Greenfelder,Arvel@germaine.info,395 Rogelio Pines,Guadeloupe,364
Magaliburgh,63108,Stella,183-764-8117 x2056,Dicki,Emilie.West@sylvester.us,14896 Shirley Terrace,Grenada,365
Leannonfort,48161-9054,Jocelyn,742-234-4404,Gerlach,Michale.Christiansen@oren.biz,70193 Forest Pike,French Southern and Antarctic Territories,366
New Garth,89478-8061,Abagail,1-105-379-5849 x1268,Beahan,Rita.Jaskolski@litzy.me,23858 Schaefer Mount,Turks and Caicos Islands,367
Bogisichhaven,83255,Jacquelyn,113-634-8806 x59229,Ullrich,Toby@dario.ca,3984 Name Lodge,Malta,368
Leonardoborough,20439-2446,Clarissa,1-854-215-0788 x1492,Kunde,Alejandrin@opal.me,5758 Malvina Stream,Senegal,369
North Donview,15603,Vickie,1-336-447-8921 x543,Reynolds,Toby_Champlin@eino.tv,68594 Cronin Cove,Wallis and Futuna,370
East Patshire,38939,Jamir,506.228.8445 x6269,McLaughlin,Lilyan@jarod.io,7775 Collier Ranch,Mauritania,371
Brycenbury,76487,Savanah,1-946-417-2154,Boehm,Reid.Muller@lucie.name,8887 Moen Square,Madagascar,372
Colleenberg,40308-0272,Jaylen,1-023-891-1622 x912,Boehm,Princess.Champlin@okey.ca,775 Trevion Roads,Mozambique,373
North Cletus,31625-6381,Ashly,(808)130-8659 x663,Leannon,Troy.Lockman@rashawn.info,630 Marcus Corners,Andorra,374
South Daltonland,92503,Ansel,1-545-921-3710,Kuhic,Helena_Jerde@hunter.us,4802 Audie Valleys,Eritrea,375
East Leopoldburgh,76640,Jacinto,(141)040-2532 x017,Bartell,Ewald_McGlynn@rita.io,23472 Lorena Groves,Micronesia,376
Andersonmouth,03298,Josephine,(642)588-6856 x926,Fay,Maryam_Goyette@christiana.net,051 Bode Tunnel,Paraguay,377
Maudieville,14062-3341,Julian,223.650.2061 x817,Ortiz,Edgardo@brett.name,97707 Marquardt Walks,British Antarctic Territory,378
South Ellenstad,20487-8691,Meda,583.884.7260,Abernathy,Franz@amiya.io,62445 Spencer Meadow,Svalbard and Jan Mayen,379
West Guadalupeberg,62348,Alayna,1-052-903-4413 x15540,Osinski,Hans@cristal.ca,549 Brakus Mill,Barbados,380
Port Mathildefurt,67794,Romaine,406-096-6598,Kulas,Maximus_Schiller@lloyd.com,3870 Gerhold Port,Singapore,381
Keeblertown,06217,Idell,332.952.2173 x3821,Bashirian,Sunny@allene.biz,865 Rowan Locks,Norfolk Island,382
East Noblechester,77359-6739,Maeve,(553)076-9084 x7227,Wiza,Caden@tate.ca,52034 Kobe Groves,Dronning Maud Land,383
South Trisha,81482,Brenda,(543)858-5550,Bradtke,Christ@emelia.us,55421 Leffler Stream,Pacific Islands Trust Territory,384
Cronabury,28850-8928,Leonor,677-404-4857 x9740,Franecki,Santa@vivianne.net,09188 Keanu Fall,Ecuador,385
Lake Vedafurt,08186-9105,Rico,556-390-3745 x4639,Heller,Marielle_Veum@brenden.co.uk,07842 Mueller Court,Dominican Republic,386
New Patrick,54222-0038,Gino,063-648-8633,Kling,Furman_Brown@viva.io,712 Richard Avenue,Israel,387
Lake Haroldborough,54067,Gia,(267)609-2790 x47941,Barton,Liam@ethan.io,552 Sean Corners,Saint Barthélemy,388
Pourosmouth,89767-4961,Aidan,1-964-252-7914,Kiehn,Aubrey@madilyn.org,77145 Dickinson Walks,Niue,389
Port Delbertton,16647-8763,Davion,1-500-670-7041 x858,Parker,Dedrick_Donnelly@kasey.com,8141 Durgan Circle,Turks and Caicos Islands,390
New Zelda,81873-4504,Abraham,318-232-3792 x8372,Schowalter,Fannie_Feeney@kacey.co.uk,7514 Marvin Tunnel,Moldova,391
Beahanside,79176-3149,Laverna,(428)407-6408 x20495,Kuhic,Will.Pouros@bridget.ca,31675 Cartwright Locks,Myanmar [Burma],392
Port Jaunita,24239-6286,Annabell,1-203-869-2005,Greenholt,Lamar.Howe@jaida.net,60797 Crystal Path,China,393
Lake Devynton,21777,Misael,121-258-4278,Stoltenberg,Trudie@joanie.name,100 Neoma Extensions,Niue,394
South Freeda,43716,Josue,(271)137-4600,Nitzsche,Jaylen@marta.tv,7423 Ima Plaza,Czech Republic,395
Lake Thomas,03341,Cecile,(660)466-1133 x2898,O'Kon,Ella.Bogisich@curtis.org,749 Wiza Ranch,Croatia,396
South Vedaberg,59247,Maribel,(266)336-8059 x052,Gutkowski,Lori_Beatty@madisen.net,8905 Schamberger Ranch,France,397
Lake Carey,06983-2282,Gwen,862-078-7536 x97688,Turner,Hilda_DuBuque@prudence.biz,0720 Rhiannon Forks,Bolivia,398
Aniyastad,25208-3793,Loy,1-012-247-6872 x94962,Stehr,Nichole.Schaefer@demetrius.io,93734 Leland Wells,Guyana,399
Jessycaborough,35680-8318,Linnea,457.384.1129 x5589,Fadel,Carey@davion.tv,785 Sawayn Islands,Pakistan,400
Schoenchester,13420,Devon,(237)373-9617,Kshlerin,Lonie_Kozey@zion.name,478 Rosenbaum Burg,Uganda,401
West Noemifurt,26989,Schuyler,1-022-320-9919,Ratke,Brooklyn@hulda.info,141 Virginia Land,Comoros,402
Melliemouth,44049,Shayne,648.270.7706 x267,Hills,Alexandra_Bechtelar@nella.me,7339 Stroman Haven,Lebanon,403
South Nia,52376,Cade,1-975-061-6377 x210,Hessel,Jammie.Cruickshank@herbert.name,510 Beahan Harbors,United States,404
Friesenview,37267,Garnet,(384)322-2521 x562,Fay,Bulah_Muller@reed.us,73614 Labadie Trafficway,Turks and Caicos Islands,405
Annamaeville,71863,Lolita,280.512.8872 x118,Bergstrom,Dalton@adam.us,53274 Feeney Stravenue,Burundi,406
New Waylon,38519-2183,Emmie,840.778.4909,O'Keefe,Leila_Romaguera@kristoffer.biz,83011 Berneice Fall,Burkina Faso,407
New Floridaside,51718-4820,Violet,058-391-2010 x980,McCullough,Cloyd@angela.me,9845 Pasquale Common,Monaco,408
Sandraview,56978,Sierra,589-399-2217 x26321,Carroll,Gussie_Steuber@arvilla.name,5431 Okuneva Corners,New Zealand,409
Andrewchester,58595,Brandi,398-169-6863 x3105,Beier,Victoria.Franecki@sanford.tv,0217 Klein Isle,East Germany,410
Turcotteshire,56890,Adriel,035-705-6798,Medhurst,Libbie@aliza.info,271 Erna Club,Gibraltar,411
New Olgahaven,21234-2606,Hailey,1-594-602-5346 x27169,Rippin,Keaton@crystal.name,345 Rodrick Prairie,Guam,412
Port Owenfort,64372-7092,Shawna,604.438.6308 x62932,Murray,Judge@keven.us,471 Hudson Inlet,Hungary,413
Mantetown,06787,Chaya,608.350.2666,Ortiz,Leonel.Windler@tomasa.com,810 Lauretta Plaza,Mali,414
Yasminburgh,94832,Mazie,984.832.8059 x14451,Leffler,Lemuel@royce.biz,85345 Parker Unions,Panama,415
Juddville,96613,Telly,904-567-4264 x3580,Daugherty,Enos@laurianne.net,1610 Reagan Pike,India,416
New Rebeca,10456-7948,Ernesto,155.651.4579 x151,Hessel,Beverly@patricia.biz,50271 Lemke Trail,El Salvador,417
Ferrystad,16956,Elaina,1-104-765-9060 x84586,Bernier,Rosanna@hershel.com,721 Barton Vista,Myanmar [Burma],418
Trantowport,85890-0991,Thad,570.351.3547,Greenfelder,Walter_Stiedemann@trycia.net,2150 Erdman Mill,Bhutan,419
Labadieport,95596,Jenifer,(609)233-8024 x1580,Lubowitz,Myrtis@maya.co.uk,76373 Vicente Lane,Ireland,420
Hyattchester,82960,Laurine,532.809.5938,Williamson,Austen.Considine@robin.tv,21101 Carol Ports,Grenada,421
Nickolasmouth,23793,Brooke,1-897-444-8317 x4708,Grady,Everett@caitlyn.name,99077 Reichert Walks,Zambia,422
West Trevabury,77948,Ova,700-682-9088 x8192,Rolfson,Seamus.Bauch@raymond.me,51674 Ashley Union,Nicaragua,423
O'Reillymouth,79435,Vivien,(159)698-2059,Boyer,Carole@madyson.org,552 Aufderhar Fords,Kiribati,424
Luztown,87007-3997,Haskell,294.077.0615,Windler,Jadyn@rogelio.us,515 Wayne Tunnel,Aruba,425
Port Eric,11924-0496,Sylvester,1-788-476-1062 x25448,Yundt,Madyson@taryn.name,886 Theo Oval,People's Democratic Republic of Yemen,426
East Yessenia,46479,Gianni,917-748-2765 x239,Collins,Jovani@marilyne.info,970 Adele Rue,Thailand,427
Lake Blake,68214-4050,Hilton,866-696-8683 x30624,Jacobi,Kobe.Moore@stefanie.io,56172 O'Hara Glens,Guyana,428
Hyattburgh,84203-6860,Coby,263-301-8197 x1244,Nader,Davion@dora.info,4303 Miguel Terrace,Italy,429
Cartwrightbury,13415-6163,Laurie,627.366.9710,Swift,Raleigh@kari.com,97258 Powlowski Cove,Lesotho,430
New Charlieside,99930,Emmanuel,616-653-3927 x4628,Langosh,Ashlee.Renner@keegan.info,77201 Joshuah Junction,Christmas Island,431
West Letaberg,03308-0663,Taurean,1-503-242-4719 x64189,Kuhn,Mariam.Hessel@samir.com,60148 Bailey Stravenue,Norway,432
New Karl,63690,Joe,362.471.4632 x03748,Howell,Darian@joesph.biz,39692 Catherine Pine,Afghanistan,433
South Baron,56446-7506,Otho,024.384.3314 x91758,Von,Adalberto@mark.org,674 Makayla Dam,Chad,434
Watersbury,46997-4784,Madge,547.362.8375 x739,Kuhn,Precious_Hermiston@samara.us,09751 Shawn Walk,United Arab Emirates,435
Kaleyside,60590-5817,Horacio,439-366-6096,Windler,Camren@roslyn.com,2898 Carmine Glen,Guadeloupe,436
West Jordynborough,25429,Eladio,312.776.5545 x73266,Barton,Retha@diego.io,7168 Yost Unions,Saint Lucia,437
South Amos,56775,Mae,1-291-175-7614 x9726,Feest,Henri.Dietrich@cassandre.com,1577 Camryn Dam,Russia,438
East Rosalee,11178,Baby,683.959.2642 x189,Nader,Jovanny@karelle.biz,709 Marshall Forest,Guinea-Bissau,439
Port Vergie,88479,Jacinthe,1-078-804-1120 x126,Franecki,Jensen@luna.co.uk,561 Ledner River,American Samoa,440
Hesterfort,55788,Janessa,894-313-1417,Gaylord,Genoveva.Considine@carolyne.name,03729 Annamarie Trace,Sri Lanka,441
South Ikechester,97368-8500,Hunter,1-631-177-2312 x3383,Kovacek,Avery_Watsica@ben.biz,2109 Jast Burg,Antarctica,442
Eulahton,73273-8431,Duncan,1-472-789-4759 x035,Dooley,Eliseo@dejah.biz,0672 Zetta Ferry,Niue,443
South Bruce,93302-0565,Jacey,1-906-477-4083 x13636,Smith,Presley@jovanny.me,07496 Kuvalis Green,Northern Mariana Islands,444
Hauckmouth,96519-2764,Wallace,1-702-843-1157,Kunde,Jed@rodger.tv,8782 Bergstrom Drive,Poland,445
North Brisa,55115,Lloyd,028.722.2523 x6255,Rodriguez,Vern_Schaefer@federico.ca,31688 Wilford Drives,Guatemala,446
Nannieport,51152,Marilou,661-964-4500 x812,Murphy,Herta@emmanuelle.org,06661 Haley Isle,Samoa,447
Monahanhaven,11980-8264,Darrion,707.743.1695 x7936,Durgan,Aliza_Farrell@caesar.io,14504 Johnson Haven,United Kingdom,448
New Brookfort,42863,Israel,677.359.2408,Koelpin,Salvatore@tomas.io,8632 Mario Grove,Bhutan,449
North Abbeyhaven,67843-9915,Kurt,348.929.7893,Daniel,Audrey@maymie.net,8525 Roberto Fort,Chile,450
Lesterfurt,27424,Ardith,1-088-413-5233 x3358,Douglas,Scottie@jerrod.tv,907 Archibald Bridge,Hong Kong SAR China,451
Lake Pedroport,27254,King,620.738.3831,Herzog,Teagan@brendan.co.uk,896 Bruce Street,Malawi,452
New Brock,36538,Florence,387-766-0282,Lowe,Rose.Reinger@lilla.name,7215 Joelle Track,Venezuela,453
South Caroleburgh,05189-0806,Alexie,248-552-1023 x4199,Ankunding,Mac@keith.us,0071 Goldner Rest,Bolivia,454
North Burdette,27088-0591,America,907.983.2264 x34917,Muller,Sarah@adell.com,9526 Kirlin Stream,Greece,455
Trantowmouth,90484-7652,Kattie,1-474-302-4298 x70473,Hirthe,Karina@korbin.biz,556 Devan Light,Réunion,456
New Cathy,88670,General,(214)869-2704 x133,Collier,Gage_Kub@jacquelyn.biz,03567 Cummerata Spur,Singapore,457
North Alyssonburgh,52620,Webster,879-274-2242 x16766,Medhurst,Newell.Larkin@damaris.co.uk,74575 Corkery Trail,Gabon,458
East Justenfort,27770,Julie,1-705-621-7888,Walter,Hermina.Donnelly@mafalda.us,113 Walton Union,Comoros,459
Fabiolabury,63231,Sonia,068-484-0107,Steuber,Waino.Fisher@scotty.info,353 Oda Vista,Åland Islands,460
South Rico,38488,Geovanny,522-122-3975 x8061,Gleason,Layla@carlos.com,76825 Hand Keys,Slovenia,461
Delphaborough,42424,Kennith,(701)518-7381 x6986,Parker,Marc@macy.me,3236 Kilback Mountain,Tanzania,462
South Neil,12521,Raquel,1-094-782-3750,Aufderhar,Cayla.Cummings@mikel.tv,038 Maybelle Brooks,Dominican Republic,463
Ferrytown,29850,Alize,611-294-1519,Roberts,Friedrich@antwon.com,057 Hudson Village,Guyana,464
Dixieland,88884-2062,Ryan,046.167.4796,Nolan,Julio@aaron.ca,553 Heber Green,Panama Canal Zone,465
New Jake,45215,Dane,1-591-044-4954 x73410,Rice,Anibal.Shields@ursula.tv,7921 Powlowski Walk,Bahrain,466
Eleanorafurt,94635-3566,Jay,905-958-8423,Kiehn,Mervin@nicklaus.net,3795 Deangelo Islands,Saint Vincent and the Grenadines,467
New Jackelineland,69315-9034,Emmie,057-085-0084 x0012,Welch,Keaton@hershel.biz,72506 Willard Ports,Morocco,468
Klingland,90836-9747,Linnie,(378)240-0735,King,Marcellus@jaylan.net,90852 Alyce Creek,Mali,469
South Doug,70979,Bell,882.671.6948,Conroy,Trisha_Schultz@adella.ca,4492 Herbert Burgs,Albania,470
Jeniferbury,36351-1018,Sister,(875)971-1620 x597,Altenwerth,Gudrun_Cormier@elena.com,4395 Kihn Forest,Swaziland,471
Port Jayfurt,84923-4745,Kamron,486-763-0750,Howe,Maximus@jarrod.tv,090 Jenkins Summit,Netherlands,472
South Marvinport,62430-3445,Jeanie,156-222-1100 x521,Brekke,Cicero@lilla.ca,221 Cole Village,Suriname,473
Mertiechester,97762,Audra,1-014-968-3089 x275,Towne,Brando.Johns@aaliyah.ca,663 Watsica Expressway,Liechtenstein,474
New Marcos,33211,Charlene,1-695-017-4114 x74998,Spencer,Triston@prudence.us,50400 Eulalia Roads,Rwanda,475
East Aryannaburgh,33415,Terrell,(578)862-7207,Berge,Rosamond_Braun@marianne.biz,338 Dylan Highway,Greenland,476
Lake Else,46023,Florence,705.504.8665 x9795,Hagenes,Jerrell_Franecki@don.net,92571 Hudson Light,U.S. Minor Outlying Islands,477
Antonetteborough,15150-4386,Vergie,690.331.0988 x97491,Jenkins,Murphy.Reichel@tyshawn.biz,969 Hiram Keys,Gabon,478
New Alejandrin,00790-8574,Yasmeen,765.259.2099 x72807,Jewess,Baylee@syble.info,64429 Alicia Junctions,Svalbard and Jan Mayen,479
East Cortney,46688,Loren,032-336-9793,Wisoky,Kiana_Hessel@georgette.biz,74651 Hamill Manor,Guinea,480
O'Connerland,95310-6727,Flavio,1-686-664-7878 x803,Zieme,Gaylord@amanda.name,89870 Alvina Gateway,Guinea-Bissau,481
Hollistown,27701,Zola,1-852-840-0296 x3393,O'Hara,Bud@litzy.name,73259 Everett Locks,Canada,482
Sporerberg,19727,Audreanne,(597)898-3976,Rosenbaum,Bill_Connelly@curt.ca,759 Kautzer Points,Pitcairn Islands,483
Lake Sheridanport,35326,Brandy,435.872.3985 x8916,Considine,Willy@marcelo.us,2673 Bartell Fork,Liechtenstein,484
Patport,40766-9927,Kory,1-234-531-6103 x93662,Tillman,Lula@letha.name,81481 Walter Mews,Guatemala,485
South Terrillstad,87698,Juston,510.529.3252,Will,Luther@elias.name,04344 Nader Islands,Pitcairn Islands,486
North Emerson,79019,Kaley,647.372.6295 x3743,Prohaska,Reuben@coralie.co.uk,003 Konopelski Mountains,Rwanda,487
Luettgenshire,40612,Howard,(506)594-6618,Kub,Susanna@mitchel.net,43493 Lesch Junction,Brazil,488
North Antoinette,27820-5034,Brisa,1-915-468-7086 x1812,Ondricka,Glenna.Boehm@tyra.tv,6253 Kassulke Squares,Afghanistan,489
South Shanefort,18297-0107,Kayleigh,079.162.4877 x5713,Davis,Harry_Borer@corrine.name,41729 Elliott Pass,Isle of Man,490
Padbergville,41092-2925,Kiley,(160)406-1421,Greenfelder,Simeon.Emard@makenna.biz,788 Paolo Island,Senegal,491
New Isaiahshire,87682,Manuela,(636)247-8835,Maggio,Camron.Rowe@mallie.net,052 Jonas Estate,British Antarctic Territory,492
North Heber,81228-6398,Orion,257.941.4469 x754,Willms,Carissa.Stehr@amparo.biz,7507 Judah Hill,Philippines,493
Ziemannmouth,00034-5046,Marlene,1-387-295-5764 x35983,Spinka,Skye@jessie.ca,7560 Rosalinda Lake,Saint Vincent and the Grenadines,494
Lake Louisa,81488,Jazmyne,929.694.6691 x49069,Predovic,Yolanda@theo.name,860 Mueller Lane,Tonga,495
East Jadonborough,43232,Kaleigh,1-868-774-3330 x67780,Okuneva,Shyanne.Smitham@lavern.net,3169 Brando Point,Cambodia,496
Port Aldenstad,15907-3452,Eda,159-626-5382 x0713,Welch,Amanda@alek.tv,708 Medhurst Place,East Germany,497
Smithamland,95699,Yasmine,602-575-1480 x54405,Botsford,Dixie@cleo.co.uk,9769 Russel Plaza,Slovakia,498
North Tess,66633,Dino,455-120-5004,Hermiston,Shemar.Hudson@eileen.co.uk,21731 Rodrick Locks,New Caledonia,499
