LoggedBy,Comments,Date,ID
Raleigh Feest,qui rem assumenda excepturi aut corporis blanditiis est doloribus velit cupiditate laboriosam aperiam enim dolorum repellendus sit reiciendis aut dolor,06/01/1997,0
Andreane Torphy,reiciendis est ipsum inventore consequatur assumenda mollitia harum sit optio incidunt porro non necessitatibus laborum et eos iure aut accusantium numquam aut voluptates nostrum voluptas,28/4/2020,1
Ethel Huels III,et assumenda repellat animi sunt voluptas cum qui aliquid rerum sed fuga ad exercitationem,06/3/1982,2
Ms. Lillian Frami,numquam laborum blanditiis consequatur at provident omnis explicabo nihil ut sed est ipsa eaque tempore est optio et dolore,01/07/1983,3
Amely Carter,perferendis repellendus eum at voluptas et asperiores harum doloremque delectus dolores autem enim magni eum dolor voluptatem odio,12/2/1995,4
Emmie Braun,quos debitis soluta illo et officiis officia placeat sint quo temporibus non recusandae necessitatibus amet quis et aut aut praesentium cupiditate,09/6/2004,5
Scotty Jacobi,accusamus consequatur commodi illum inventore exercitationem illo nam voluptatem ea ut sapiente sed distinctio velit quia delectus quo alias,03/8/1992,6
Donna Gibson,aut odit deserunt nesciunt pariatur vel et earum explicabo sequi fugiat numquam magni ipsum eligendi reprehenderit,11/9/2003,7
Marc Willms,voluptatem est magnam voluptas iste adipisci sequi molestiae sed dignissimos quidem illum porro natus culpa iure hic delectus praesentium id ut ratione et dolor,08/8/2013,8
Mr. Kelly Casper,error dolore eum vitae quos porro dignissimos ipsam rerum sit at dolor quia placeat eum ut assumenda eum commodi quas a maxime rem,03/2/2000,9
Althea Muller,necessitatibus at hic aliquid id sunt commodi earum harum veritatis ut quis reiciendis omnis et eos ex quidem sed,04/10/1986,10
Kennith Rath,alias aut consequatur aliquid earum voluptatem doloremque et provident consectetur vero optio sunt qui sed cupiditate,10/6/1996,11
Stone Lueilwitz,et ipsam quia mollitia ratione commodi et aliquam consequatur ea quidem sunt quaerat veritatis et sit labore,03/7/2002,12
Margaret Franecki,doloremque dicta neque eum voluptatibus animi sint eum placeat eum voluptatum atque at laudantium eveniet,07/6/2009,13
Javon Sawayn,aut aut quis voluptas sapiente amet quis quia voluptatibus veniam tempore nam et est inventore sed ipsam autem,08/1/1999,14
Hailey West,quam error dolore labore qui fuga voluptatem harum unde laudantium recusandae tempora natus velit,5/11/1983,15
Mrs. Jose Kertzmann,excepturi sint beatae id qui recusandae consequatur voluptatem eaque earum officiis est vel velit expedita impedit consequatur modi explicabo earum ab,5/12/2007,16
Lafayette Towne,ipsa hic veritatis vel ut laudantium vero et distinctio quis odio vel ut rerum culpa animi quisquam libero dolores debitis,04/3/2007,17
Orval Macejkovic,reprehenderit dolores illum fuga quia ut est in voluptatibus dolores sunt tenetur officia quas non consectetur temporibus,09/7/1987,18
Jillian Blick,hic nobis consequatur eius accusamus quis est vero quas consequatur quis ratione officia et ad sequi,7/9/2003,19
Nicklaus Turner,totam voluptates fuga sint quisquam nam aut et in reiciendis doloremque aut debitis eum dolor sunt pariatur dolorum,12/4/2002,20
Miss Anna Ortiz,et repudiandae qui rerum eius libero consequatur culpa et quis tempora ut perspiciatis tempore,8/7/1990,21
Arden Spinka IV,soluta asperiores nesciunt earum vel dolore commodi sit est magnam debitis qui ipsa eius recusandae,7/4/2005,22
Matt Leannon,minima dolor accusamus facere aut et ipsam quia amet est a doloribus sit ut iusto suscipit consectetur voluptatem recusandae est quia minima,10/2/2004,23
Mrs. Rachael Kertzmann,quibusdam et modi accusantium incidunt voluptate laboriosam et consequatur eum provident quo est facilis consequatur et,10/2/1992,24
Beryl Sipes,at molestiae quis corporis distinctio totam asperiores ab aut aut asperiores atque exercitationem soluta voluptatem laboriosam eius cum mollitia suscipit hic ea dolores dolore exercitationem,12/9/1994,25
Miss Gerard Kuphal,sed rem in repellat fugit quo at dolores dolorum qui amet tempora similique eveniet nemo,8/10/2013,26
Helene Rogahn,nam expedita reprehenderit sit eos quos placeat praesentium non nulla provident aut molestias porro quidem velit nihil delectus mollitia et quia nisi,5/5/2018,27
Kaelyn Kris,dolore numquam suscipit exercitationem et excepturi sit et modi laudantium id tempora dolor,3/6/2013,28
Alford Schaefer,commodi occaecati molestias rem exercitationem libero occaecati neque nulla porro molestiae officia architecto nesciunt maiores,9/4/2016,29
